Country Name,Country Code,Series Name,Series Code,1960 [YR1960],1961 [YR1961],1962 [YR1962],1963 [YR1963],1964 [YR1964],1965 [YR1965],1966 [YR1966],1967 [YR1967],1968 [YR1968],1969 [YR1969],1970 [YR1970],1971 [YR1971],1972 [YR1972],1973 [YR1973],1974 [YR1974],1975 [YR1975],1976 [YR1976],1977 [YR1977],1978 [YR1978],1979 [YR1979],1980 [YR1980],1981 [YR1981],1982 [YR1982],1983 [YR1983],1984 [YR1984],1985 [YR1985],1986 [YR1986],1987 [YR1987],1988 [YR1988],1989 [YR1989],1990 [YR1990],1991 [YR1991],1992 [YR1992],1993 [YR1993],1994 [YR1994],1995 [YR1995],1996 [YR1996],1997 [YR1997],1998 [YR1998],1999 [YR1999],2000 [YR2000],2001 [YR2001],2002 [YR2002],2003 [YR2003],2004 [YR2004],2005 [YR2005],2006 [YR2006],2007 [YR2007],2008 [YR2008],2009 [YR2009],2010 [YR2010],2011 [YR2011],2012 [YR2012],2013 [YR2013],2014 [YR2014],2015 [YR2015],2016 [YR2016],2017 [YR2017],2018 [YR2018],2019 [YR2019],2020 [YR2020],2021 [YR2021],2022 [YR2022],2023 [YR2023]
Thailand,THA,GDP (current US$),NY.GDP.MKTP.CD,2760750861,3034037811,3308912797,3540403457,3889129942,4388937649,5279230817,5638461442,6081009428,6695336567,7086538438,7375000024,8177873151,10838587358,13702998512,14882770594,16985208648,19779312261,24006566637,27371650825,32353514989,34846039194,36589772404,40042798388,41797647776,38900711333,43096773981,50535446555,61667253471,72250748100,85343190719,98234714971,1.11453E+11,1.28889E+11,1.46684E+11,1.69279E+11,1.83035E+11,1.5018E+11,1.13676E+11,1.26669E+11,1.26392E+11,1.20296E+11,1.34301E+11,1.52281E+11,1.72896E+11,1.89318E+11,2.21758E+11,2.62943E+11,2.91383E+11,2.81711E+11,3.41105E+11,3.70819E+11,3.97558E+11,4.20334E+11,4.07339E+11,4.01296E+11,4.13366E+11,4.56357E+11,5.06754E+11,5.43977E+11,5.00462E+11,5.06256E+11,4.95645E+11,5.14945E+11
Thailand,THA,"Population, total",SP.POP.TOTL,26596584,27399963,28242174,29114124,30013573,30940270,31883754,32839341,33807357,34787583,35791728,36807997,37834384,38873060,39900961,40908471,41882128,42843802,43806715,44760091,45737753,46727292,47700340,48670565,49636724,50594940,51542094,52479181,53410965,54324004,55228410,56099865,56939020,57776082,58610010,59424834,60211096,60989108,61745217,62442651,63066603,63649892,64222580,64776956,65311166,65821360,66319525,66826754,67328239,67813654,68270489,68712846,69157023,69578602,69960943,70294397,70607037,70898202,71127802,71307763,71475664,71601103,71697030,71801279
Thailand,THA,"Unemployment, total (% of total labor force) (modeled ILO estimate)",SL.UEM.TOTL.ZS,..,..,..,..,..,..,..,..,..,..,..,..,..,..,..,..,..,..,..,..,..,..,..,..,..,..,..,..,..,..,..,2.63,1.35,1.49,1.347,1.1,1.071,0.873,3.404,2.968,2.389,2.6,1.82,1.54,1.51,1.35,1.22,1.18,1.18,1.49,0.622,0.66,0.58,0.249,0.576,0.597,0.688,0.83,0.766,0.716,1.099,1.215,0.94,0.913
Thailand,THA,"Inflation, consumer prices (annual %)",FP.CPI.TOTL.ZG,-0.765864333,7.386990077,3.696098563,..,-0.792079208,0.166333998,4.035204251,4.309656824,1.790359602,2.45039086,-0.088041086,0.484652665,4.837766735,15.5095497,24.31355983,5.330097087,4.149305555,7.601266878,7.924089853,9.897365966,19.70350052,12.66299307,5.259079903,3.726536621,0.86489843,2.431731234,1.841675968,2.466461128,3.862730747,5.35546508,5.863994744,5.709852599,4.139145751,3.312191684,5.047748977,5.818181818,5.805105547,5.625797471,7.99472875,0.284726459,1.591969175,1.626908873,0.697308977,1.804349946,2.759149262,4.540369196,4.63747436,2.241540953,5.468489496,-0.845716092,3.247588424,3.808790581,3.014899503,2.184886185,1.895141819,-0.900424963,0.188149704,0.665631893,1.063897542,0.706728601,-0.845937147,1.230395413,6.077412284,1.228026235
Thailand,THA,Consumer price index (2010 = 100),FP.CPI.TOTL,10.21121022,10.96551131,11.37080742,11.37080742,11.28074161,11.29950532,11.75546344,12.26208357,12.48161897,12.78746742,12.77620919,12.83812943,13.45920818,15.54667077,19.32661987,20.35674747,21.20141112,22.81298696,24.62070855,27.05751018,32.38878683,36.49017667,38.40922421,39.84055802,40.18513838,41.16233294,41.92040974,42.95436035,44.61357163,47.00283588,49.75907971,52.60024981,54.77745082,56.59178499,59.44839624,62.90721202,66.55904207,70.30351898,75.92409462,76.14027061,77.35240025,78.61085331,79.15901385,80.58731947,82.8108439,86.57076195,90.58545884,92.615969,97.68066353,96.85456244,100,103.8087906,106.9385213,109.2750063,111.3459226,110.3433361,110.5509468,111.2868092,112.4707868,113.26565,112.3074938,113.68932,120.5986887,122.0796723
Russian Federation,RUS,GDP (current US$),NY.GDP.MKTP.CD,..,..,..,..,..,..,..,..,..,..,..,..,..,..,..,..,..,..,..,..,..,..,..,..,..,..,..,..,5.54829E+11,5.06631E+11,5.17014E+11,5.17963E+11,4.60291E+11,4.35084E+11,3.95077E+11,3.95537E+11,3.91725E+11,4.04929E+11,2.70955E+11,1.95907E+11,2.5971E+11,3.06602E+11,3.4547E+11,4.30347E+11,5.91017E+11,7.64016E+11,9.89932E+11,1.2997E+12,1.66085E+12,1.22265E+12,1.52492E+12,2.04592E+12,2.20829E+12,2.29247E+12,2.05924E+12,1.36348E+12,1.27679E+12,1.5742E+12,1.65733E+12,1.69312E+12,1.49308E+12,1.84339E+12,2.26603E+12,2.02142E+12
Russian Federation,RUS,"Population, total",SP.POP.TOTL,119897000,121236000,122591000,123960000,125345000,126745000,127468000,128196000,128928000,129664000,130404000,131155000,131909000,132669000,133432000,134200000,135147000,136100000,137060000,138027000,139010000,139941000,140823000,141668000,142745000,143858000,144894000,145908000,146857000,147721000,147969406,148394216,148538197,148458777,148407912,148375787,148160129,147915361,147670784,147214776,146596869,145976482,145306497,144648618,144067316,143518814,143049637,142805114,142742366,142785348,142849468,143018195,143378447,143805638,144237223,144640716,145015460,145293260,145398106,145453291,145245148,144746762,144236933,143826130
Russian Federation,RUS,"Unemployment, total (% of total labor force) (modeled ILO estimate)",SL.UEM.TOTL.ZS,..,..,..,..,..,..,..,..,..,..,..,..,..,..,..,..,..,..,..,..,..,..,..,..,..,..,..,..,..,..,..,5.133,5.181,5.883,8.131,9.449,9.665,11.813,13.261,13.036,10.581,8.978,7.875,8.21,7.763,7.124,7.055,6.002,6.205,8.301,7.369,6.536,5.436,5.458,5.16,5.571,5.559,5.212,4.846,4.496,5.589,4.715,3.867,3.325
Russian Federation,RUS,"Inflation, consumer prices (annual %)",FP.CPI.TOTL.ZG,..,..,..,..,..,..,..,..,..,..,..,..,..,..,..,..,..,..,..,..,..,..,..,..,..,..,..,..,..,..,..,..,..,874.2457204,307.7226356,197.4142681,47.7520122,14.76132927,27.68567981,85.7464941,20.79876066,21.47700721,15.78873079,13.66329302,10.88861573,12.68530395,9.668654548,9.007298689,14.11076778,11.64732958,6.849392303,8.440464859,5.074743008,6.753710262,7.823411839,15.53440505,7.04244763,3.683329444,2.878297236,4.470366608,3.381659372,6.69445892,..,..
Russian Federation,RUS,Consumer price index (2010 = 100),FP.CPI.TOTL,..,..,..,..,..,..,..,..,..,..,..,..,..,..,..,..,..,..,..,..,..,..,..,..,..,..,..,..,..,..,..,..,0.053595784,0.522154633,2.128942631,6.331779144,9.355331094,10.73630232,13.7087206,25.46346791,30.75955365,37.36578521,43.26536845,49.17684251,54.53151992,61.44900898,67.39030138,73.46034711,83.8261661,93.58967594,100,108.4404649,113.9435398,121.6389563,131.1552728,151.5294641,162.2008473,168.1752389,173.0158221,180.7502637,186.8626219,199.3720633,..,..
China,CHN,GDP (current US$),NY.GDP.MKTP.CD,59716249311,50056685957,47209186415,50706614526,59708125204,70436008642,76720005492,72881364882,70846276051,79705614855,92602634892,99800593791,1.13689E+11,1.38543E+11,1.44189E+11,1.6343E+11,1.53939E+11,1.74936E+11,1.49541E+11,1.78281E+11,1.91149E+11,1.95866E+11,2.0509E+11,2.30687E+11,2.59947E+11,3.09488E+11,3.00758E+11,2.72973E+11,3.12354E+11,3.47768E+11,3.60858E+11,3.83373E+11,4.26916E+11,4.44731E+11,5.64322E+11,7.34485E+11,8.63749E+11,9.61602E+11,1.02906E+12,1.094E+12,1.21133E+12,1.3394E+12,1.47056E+12,1.66028E+12,1.95535E+12,2.28596E+12,2.75212E+12,3.55033E+12,4.59434E+12,5.10169E+12,6.08719E+12,7.55155E+12,8.53219E+12,9.57047E+12,1.04756E+13,1.10616E+13,1.12333E+13,1.23105E+13,1.38949E+13,1.428E+13,1.46877E+13,1.78205E+13,1.78818E+13,1.77948E+13
China,CHN,"Population, total",SP.POP.TOTL,667070000,660330000,665770000,682335000,698355000,715185000,735400000,754550000,774510000,796025000,818315000,841105000,862030000,881940000,900350000,916395000,930685000,943455000,956165000,969005000,981235000,993885000,1008630000,1023310000,1036825000,1051040000,1066790000,1084035000,1101630000,1118650000,1135185000,1150780000,1164970000,1178440000,1191835000,1204855000,1217550000,1230075000,1241935000,1252735000,1262645000,1271850000,1280400000,1288400000,1296075000,1303720000,1311020000,1317885000,1324655000,1331260000,1337705000,1345035000,1354190000,1363240000,1371860000,1379860000,1387790000,1396215000,1402760000,1407745000,1411100000,1412360000,1412175000,1410710000
China,CHN,"Unemployment, total (% of total labor force) (modeled ILO estimate)",SL.UEM.TOTL.ZS,..,..,..,..,..,..,..,..,..,..,..,..,..,..,..,..,..,..,..,..,..,..,..,..,..,..,..,..,..,..,..,2.37,2.37,2.69,2.9,3,3.12,3.23,3.24,3.25,3.26,3.8,4.24,4.58,4.49,4.52,4.43,4.35,4.59,4.72,4.53,4.55,4.58,4.6,4.63,4.65,4.56,4.47,4.31,4.56,5,4.55,4.98,4.67
China,CHN,"Inflation, consumer prices (annual %)",FP.CPI.TOTL.ZG,..,..,..,..,..,..,..,..,..,..,..,..,..,..,..,..,..,..,..,..,..,..,..,..,..,..,..,7.233835531,18.81181794,18.24563836,3.052290121,3.556685652,6.35398134,14.61007864,24.25698972,16.79122517,8.313160289,2.786465055,-0.773186012,-1.401472683,0.347811227,0.719125609,-0.731970902,1.127603487,3.824637431,1.776414077,1.649430995,4.816767674,5.92525137,-0.728165251,3.175324753,5.553898923,2.619524326,2.621050017,1.921641628,1.437023809,2.000001822,1.593136001,2.0747904,2.899234164,2.419421895,0.981015136,1.973575557,0.234836829
China,CHN,Consumer price index (2010 = 100),FP.CPI.TOTL,..,..,..,..,..,..,..,..,..,..,..,..,..,..,..,..,..,..,..,..,..,..,..,..,..,..,26.04831978,27.9326124,33.18724459,39.24246922,40.44026323,41.87859627,44.53955446,51.04681839,63.42923988,74.07978637,80.23815776,82.47396598,81.83628882,80.68937558,80.97002229,81.55229846,80.95535936,81.86821482,84.9993772,86.50931811,87.93622961,92.17191349,97.63333106,96.92239907,100,105.5538989,108.318909,111.1580018,113.2940602,114.9221228,117.2205674,119.0880504,121.5588779,125.0831544,128.1094436,129.3662166,131.9193567,132.2291519
India,IND,GDP (current US$),NY.GDP.MKTP.CD,37029883876,39232435784,42161481858,48421923459,56480289941,59556105229,45581230504,50134942204,53085455871,58447995017,62422483055,67351404352,71464700667,85517673173,99526597934,98473832017,1.02716E+11,1.21487E+11,1.37302E+11,1.52995E+11,1.86329E+11,1.93491E+11,2.00716E+11,2.18262E+11,2.12158E+11,2.32512E+11,2.48986E+11,2.79034E+11,2.9659E+11,2.96042E+11,3.20979E+11,2.70105E+11,2.88208E+11,2.79296E+11,3.27275E+11,3.60282E+11,3.92897E+11,4.15868E+11,4.21351E+11,4.58821E+11,4.68396E+11,4.8544E+11,5.14939E+11,6.07701E+11,7.09153E+11,8.20384E+11,9.4026E+11,1.21674E+12,1.1989E+12,1.34189E+12,1.67562E+12,1.82305E+12,1.82764E+12,1.85672E+12,2.03913E+12,2.10359E+12,2.2948E+12,2.65147E+12,2.70293E+12,2.83561E+12,2.67485E+12,3.16727E+12,3.35347E+12,3.54992E+12
India,IND,"Population, total",SP.POP.TOTL,445954579,456351876,467024193,477933619,489059309,500114346,510992617,521987069,533431909,545314670,557501301,569999178,582837973,596107483,609721951,623524219,637451448,651685628,666267760,681248383,696828385,712869298,729169466,745826546,762895156,780242084,797878993,815716125,833729681,852012673,870452165,888941756,907574049,926351297,945261958,964279129,983281218,1002335230,1021434576,1040500054,1059633675,1078970907,1098313039,1117415123,1136264583,1154638713,1172373788,1189691809,1206734806,1223640160,1240613620,1257621191,1274487215,1291132063,1307246509,1322866505,1338636340,1354195680,1369003306,1383112050,1396387127,1407563842,1417173173,1428627663
India,IND,"Unemployment, total (% of total labor force) (modeled ILO estimate)",SL.UEM.TOTL.ZS,..,..,..,..,..,..,..,..,..,..,..,..,..,..,..,..,..,..,..,..,..,..,..,..,..,..,..,..,..,..,..,6.85,6.853,6.859,6.828,6.99,7.147,7.335,7.517,7.682,7.856,8.039,8.248,8.397,8.551,8.697,8.614,8.534,8.486,8.406,8.318,8.222,8.156,8.088,7.992,7.894,7.8,7.723,7.652,6.51,7.859,6.38,4.822,4.172
India,IND,"Inflation, consumer prices (annual %)",FP.CPI.TOTL.ZG,1.779877847,1.695212939,3.632214971,2.946161357,13.35526115,9.474758592,10.80184835,13.06220248,3.237412426,-0.58413661,5.09226162,3.079938684,6.442097462,16.94081598,28.59873408,5.748430298,-7.633947634,8.307470092,2.523048757,6.275683368,11.34607348,13.1125469,7.890742794,11.8680813,8.318907119,5.556424232,8.729720727,8.801125813,9.383471862,7.074280029,8.971232503,13.87024618,11.78781704,6.326890488,10.24793556,10.22488616,8.977152338,7.164252115,13.23083898,4.66982038,4.00943591,3.779293122,4.297152039,3.805858995,3.767251735,4.24634362,5.796523376,6.372881356,8.349267049,10.88235294,11.98938992,8.911793365,9.478996914,10.01787847,6.665656719,4.906973441,4.948216341,3.328173375,3.938826467,3.729505735,6.623436776,5.131407472,6.699034141,5.649143189
India,IND,Consumer price index (2010 = 100),FP.CPI.TOTL,2.527486689,2.57033297,2.663692989,2.742169683,3.108393605,3.402906395,3.770483183,4.262991331,4.401001942,4.375294079,4.5980955,4.739714022,5.045051018,5.899723828,7.586970156,8.023101847,7.410622454,8.026257698,8.228764093,8.745175272,9.737409285,11.01423164,11.88333633,13.29366035,14.39954761,15.19964756,16.52653434,17.98105542,19.6683027,21.05969351,22.94900758,26.13209143,29.21249455,31.06073709,34.24382141,37.74521317,41.13365846,44.08057745,49.91280767,52.24364614,54.33832165,56.3919261,58.8151729,61.05359545,63.35363809,66.04385126,69.87209853,74.32496447,80.53055424,89.29417338,100,108.9117934,119.2355389,131.1804103,139.9244461,146.7905015,154.0540131,159.1811978,165.4510689,171.621576,182.9888226,192.3787247,205.2662411,216.862025
Saudi Arabia,SAU,GDP (current US$),NY.GDP.MKTP.CD,1748124063,1920811284,2130606532,2207393171,2371808713,2647955558,2920555557,3257022223,4187777711,4485777644,5377333333,7184806909,9664267087,14947435499,45412957746,46773208643,64005665722,74188986586,80266516687,1.11858E+11,1.6454E+11,1.84291E+11,1.5324E+11,1.29172E+11,1.19625E+11,1.03898E+11,86961922765,85695861148,88256074766,95344459279,1.1763E+11,1.32223E+11,1.37088E+11,1.32968E+11,1.35175E+11,1.43343E+11,1.58662E+11,1.65964E+11,1.46775E+11,1.61717E+11,1.89515E+11,1.84138E+11,1.89606E+11,2.15808E+11,2.58742E+11,3.2846E+11,3.769E+11,4.15965E+11,5.19797E+11,4.29098E+11,5.28207E+11,6.76635E+11,7.4185E+11,7.53865E+11,7.66606E+11,6.69484E+11,6.66E+11,7.14995E+11,8.46584E+11,8.38565E+11,7.34271E+11,8.74156E+11,1.10857E+12,1.06758E+12
Saudi Arabia,SAU,"Population, total",SP.POP.TOTL,4165563,4306048,4458516,4621655,4795130,4978922,5173237,5381026,5604582,5844843,6106191,6396658,6724260,7088758,7483506,7897544,8319556,8755219,9210564,9682002,10171710,10678211,11201154,11746020,12310361,12890245,13483349,14089798,14713715,15353227,16004763,16654276,17281350,17846461,18367528,18888857,19410280,19938377,20472580,21009660,21547390,22085929,22623415,23150847,23661808,24397644,25382870,26400068,27437353,28483797,29411929,30150945,30821543,31482498,32125564,32749848,33416270,34193122,35018133,35827362,35997107,35950396,36408820,36947025
Saudi Arabia,SAU,"Unemployment, total (% of total labor force) (modeled ILO estimate)",SL.UEM.TOTL.ZS,..,..,..,..,..,..,..,..,..,..,..,..,..,..,..,..,..,..,..,..,..,..,..,..,..,..,..,..,..,..,..,7.29,7.2,7.075,6.88,6.44,5.845,5.322,4.769,4.346,4.57,4.618,5.265,5.563,5.822,6.051,6.254,5.734,5.085,5.377,5.55,5.77,5.622,5.6,5.877,5.6,5.6,5.89,6.029,5.636,7.45,6.621,5.589,4.88
Saudi Arabia,SAU,"Inflation, consumer prices (annual %)",FP.CPI.TOTL.ZG,..,..,..,..,2.799999999,0.389105059,1.550387596,2.099236642,1.588785047,3.495860166,0.177777778,4.475,4.331179708,16.51376147,21.43700787,34.57610634,31.55866056,11.39901117,-1.58360185,1.081566903,4.169266554,2.798982188,1.021039604,0.191424196,-1.559037065,-3.058768729,-3.203331465,-1.547116737,0.907563025,1.032644903,2.077151335,4.861111111,-0.077006006,1.055795314,0.564325479,4.868431031,1.222069885,0.057154704,-0.371269735,-1.333763502,-1.124994779,-1.120944775,0.247186514,0.612194395,0.515506767,0.479230398,2.209024079,4.167823301,9.870247913,5.057223147,5.339416806,5.826216088,2.866268875,3.532524707,2.236290315,1.206073222,2.068840361,-0.83819458,2.45814158,-2.093333333,3.44545826,3.063289889,2.474073719,2.327085184
Saudi Arabia,SAU,Consumer price index (2010 = 100),FP.CPI.TOTL,..,..,..,19.94371178,20.50213571,20.58191056,20.90100995,21.33977161,21.67881471,22.43667576,22.47656318,23.48238938,24.49945387,28.54523524,34.66447956,46.65010688,61.37225576,68.36808605,67.28540778,68.01314448,70.84879376,72.83183888,73.5754808,73.71632207,72.56705729,70.34739883,68.09393847,67.04044575,67.64888005,68.34745276,69.76713279,73.15859063,73.10225412,73.8740643,74.29095446,77.90775834,78.8598456,78.90491771,78.61196763,77.5634699,76.69088491,75.83122244,76.018667,76.48404902,76.87832947,77.24675379,78.95315318,82.2437811,90.36144618,94.93122616,100,105.8262161,108.85948,112.704968,115.2253783,116.6150807,119.0276606,118.0299772,120.9313211,118.3998255,122.479242,126.2311363,129.3541876,132.3643698
Indonesia,IDN,GDP (current US$),NY.GDP.MKTP.CD,..,..,..,..,..,..,..,5667756628,7076465300,8337423313,9150684932,9333536370,10997590361,16273253012,25802409639,30463855422,37269156627,45808915663,51455719076,51400186343,72482337397,85518233419,90158449295,81052283384,84853700028,85289488375,79954072545,75929617558,84300174486,94451427877,1.06141E+11,1.16622E+11,1.28027E+11,1.58007E+11,1.76892E+11,2.02132E+11,2.2737E+11,2.15749E+11,95445547873,1.40001E+11,1.65021E+11,1.60447E+11,1.95661E+11,2.34772E+11,2.56837E+11,2.85869E+11,3.64571E+11,4.32217E+11,5.10229E+11,5.3958E+11,7.55094E+11,8.92969E+11,9.1787E+11,9.12524E+11,8.90815E+11,8.60854E+11,9.31877E+11,1.01562E+12,1.04227E+12,1.1191E+12,1.05905E+12,1.18651E+12,1.31908E+12,1.37117E+12
Indonesia,IDN,"Population, total",SP.POP.TOTL,88382881,90816938,93345489,95962527,98675061,101157868,103561105,106260749,109138723,112149246,115228394,118347135,121504145,124709058,127945196,131213215,134521025,137861540,141250964,144693087,148177096,151686337,155228658,158790611,162331962,165791694,169135273,172421390,175694647,178949174,182159874,185361228,188558416,191737287,194928533,198140162,201373791,204628007,207855486,210996910,214072421,217112437,220115092,223080121,225938595,228805144,231797427,234858289,237936543,240981299,244016173,247099697,250222695,253275918,256229761,259091970,261850182,264498852,267066843,269582878,271857970,273753191,275501339,277534122
Indonesia,IDN,"Unemployment, total (% of total labor force) (modeled ILO estimate)",SL.UEM.TOTL.ZS,..,..,..,..,..,..,..,..,..,..,..,..,..,..,..,..,..,..,..,..,..,..,..,..,..,..,..,..,..,..,..,2.617,2.734,2.782,4.366,4.611,4.861,4.684,5.459,6.358,6.078,6.082,6.604,6.658,7.303,7.945,7.551,8.06,7.209,6.106,5.614,5.153,4.468,4.336,4.049,4.514,4.301,3.783,4.387,3.59,4.255,3.827,3.462,3.417
Indonesia,IDN,"Inflation, consumer prices (annual %)",FP.CPI.TOTL.ZG,39.59044369,13.69193154,131.3978495,145.9107807,108.994709,306.7631103,1136.254112,106,128.8430421,15.47987022,12.39946465,4.233748945,6.521749213,31.04188127,40.49179044,19.16569713,19.8286537,11.05208979,8.112582595,16.23276576,18.03543016,12.26590851,9.445423954,11.79974052,10.45503482,4.724536157,5.822666962,9.278656132,8.045367151,6.415539635,7.819191447,9.419058277,7.52351717,9.671893382,8.532005254,9.420323216,7.973280856,6.226141634,58.45104447,20.47783111,3.68861916,11.50011488,11.90011757,6.757317194,6.064059885,10.45319842,13.1086721,6.406562813,10.22666455,4.38641555,5.134204008,5.35604779,4.279499996,6.412513302,6.394925408,6.363121131,3.525805157,3.80879807,3.198346416,3.03058665,1.920968006,1.560129905,4.209463834,3.670131424
Indonesia,IDN,Consumer price index (2010 = 100),FP.CPI.TOTL,0.000277684,0.000315704,0.000730532,0.001796458,0.003754502,0.01527193,0.188799863,0.388927719,0.890034023,1.027810134,1.155253088,1.204163604,1.282696134,1.680869145,2.361483157,2.814077867,3.372071622,3.744756006,4.04855243,4.705744462,5.554445718,6.235748948,6.824741873,7.630043705,8.427767432,8.825940351,9.339845464,10.20645761,11.0276046,11.73508494,12.6526737,13.84443641,14.88602496,16.32578542,17.71870229,19.38786131,20.93370995,22.23707238,35.23487344,42.45021132,44.01603795,49.07793288,54.91826459,58.62926593,62.18457972,68.68485723,77.68852994,82.66569441,91.11963768,95.11652363,100,105.3560478,109.8647599,116.9098522,124.38615,132.3009914,136.9656666,142.1824123,146.7298984,151.1766751,154.0807306,156.4845902,163.0717524,169.0567
Myanmar,MMR,GDP (current US$),NY.GDP.MKTP.CD,545098447.6,605581577.3,634528872,598998418.7,411419905.8,367053117.2,293103478.5,420359035.9,559956130.3,571854214.6,563555630.8,587448405.5,662213082.7,719754655.4,1225589878,1061107354,1204699849,873579931.9,935408775,952265043.4,1038225167,1111000765,1481165468,1381573615,1304063253,1478908173,1582873750,1562448077,1541088312,2013448229,2115193513,2069832687,2411552289,3163020035,4432257174,5289174943,6123556717,4722288496,6459461639,8486832801,8905066164,6477790688,6777632512,10467109978,10567354056,11986972419,14502553710,20182477481,31862554102,36906181381,49540813342,59977326086,59937796648,60269732855,65531374200,59607290408,63298361996,66053040483,67860515990,75065106228,79006113643,66345291160,62253049892,64815031669
Myanmar,MMR,"Population, total",SP.POP.TOTL,21720697,22203109,22699703,23210687,23737818,24286878,24854704,25440029,26044111,26659479,27284112,27914953,28551949,29165356,29751936,30344276,30941375,31554598,32185601,32821779,33465781,34110098,34742586,35424262,36159838,36881020,37572340,38233171,38868270,39489419,40099553,40680533,41237813,41788302,42337109,42880186,43423369,43972046,44516185,45041636,45538332,46014826,46480230,46924293,47338446,47724471,48088274,48445647,48729486,49015836,49390988,49794522,50218185,50648334,51072436,51483949,51892349,52288341,52666014,53040212,53423198,53798084,54179306,54577997
Myanmar,MMR,"Unemployment, total (% of total labor force) (modeled ILO estimate)",SL.UEM.TOTL.ZS,..,..,..,..,..,..,..,..,..,..,..,..,..,..,..,..,..,..,..,..,..,..,..,..,..,..,..,..,..,..,..,0.878,0.826,0.801,0.771,0.757,0.762,0.765,0.772,0.762,0.731,0.7,0.685,0.683,0.678,0.67,0.669,0.673,0.684,0.696,0.707,0.723,0.742,0.753,0.749,0.766,1.043,1.356,0.767,0.407,1.476,4.34,2.83,2.841
Myanmar,MMR,"Inflation, consumer prices (annual %)",FP.CPI.TOTL.ZG,7.389937107,-0.146412883,-1.612903227,-2.682563338,-0.459418069,17.69230769,25.49019608,0.833333332,2.376033058,-4.339051463,-4.008438818,2.087912088,7.64262648,25.2,25.21166134,31.65566293,22.3844017,-1.156687243,-6.044706126,5.672295029,0.608153084,0.318444733,5.304740405,5.650083363,4.846311548,6.807566558,9.3254619,24.76,16.04280218,27.19852645,17.62677503,32.27203829,21.9132104,31.83160687,24.09878608,25.1947124,16.27539664,29.69723258,51.48754975,18.40104337,-0.109165515,21.10130538,57.07451126,36.58971753,4.534213741,9.368618142,19.99648734,35.02459707,26.79953719,1.472343114,7.718381959,5.021460146,1.467583227,5.643038834,4.953299185,9.454171895,6.928825258,4.572536553,6.872328657,8.825066968,..,..,..,..
Myanmar,MMR,Consumer price index (2010 = 100),FP.CPI.TOTL,0.155438057,0.155210476,0.152707081,0.148610617,0.147927873,0.174099727,0.218478089,0.220298739,0.22553311,0.215747113,0.207099022,0.211423067,0.227581342,0.284931841,0.356767891,0.469705133,0.574845816,0.568196648,0.533850831,0.564132425,0.567563213,0.569370589,0.59957422,0.633450663,0.664149656,0.709362086,0.775513377,0.967530489,1.122749492,1.428120809,1.679852451,2.221975078,2.708881151,3.57116155,4.431768132,5.548339368,6.451353606,8.367227091,12.6753073,15.0076961,14.99131287,18.15467558,28.51636793,38.95042641,40.716522,44.53109747,53.43575273,72.15140982,91.48765373,92.8346659,100,105.0214601,106.5627375,112.5761141,118.1523459,129.3226718,138.2832137,144.6062642,154.5440819,168.1827007,..,..,..,..
Japan,JPN,GDP (current US$),NY.GDP.MKTP.CD,47419238274,57266758180,64987857542,74379284603,87490590818,97338107606,1.13047E+11,1.32476E+11,1.56897E+11,1.84299E+11,2.17224E+11,2.45364E+11,3.24934E+11,4.41461E+11,4.90036E+11,5.32861E+11,5.98884E+11,7.37069E+11,1.03561E+12,1.07791E+12,1.12938E+12,1.24522E+12,1.15873E+12,1.27086E+12,1.34582E+12,1.42702E+12,2.12008E+12,2.58075E+12,3.12572E+12,3.10946E+12,3.1859E+12,3.64807E+12,3.9807E+12,4.53694E+12,4.9988E+12,5.54556E+12,4.92339E+12,4.49245E+12,4.09836E+12,4.63598E+12,4.96836E+12,4.37471E+12,4.18285E+12,4.51956E+12,4.89312E+12,4.83147E+12,4.60166E+12,4.57975E+12,5.10668E+12,5.28949E+12,5.75907E+12,6.23315E+12,6.27236E+12,5.21233E+12,4.89699E+12,4.44493E+12,5.00368E+12,4.93084E+12,5.04088E+12,5.11799E+12,5.05559E+12,5.03462E+12,4.25641E+12,4.21295E+12
Japan,JPN,"Population, total",SP.POP.TOTL,93216000,94055000,94933000,95900000,96903000,97952000,98851000,99879000,101011000,102219000,103403000,105697000,107188000,108707000,110162000,111573000,112775000,113872000,114913000,115890000,116807000,117661000,118480000,119307000,120083000,120837000,121482000,122069000,122578000,123069000,123478000,123964000,124425000,124829000,125178000,125472000,125757000,126057000,126400000,126631000,126843000,127149000,127445000,127718000,127761000,127773000,127854000,128001000,128063000,128047000,128070000,127833000,127629000,127445000,127276000,127141000,127076000,126972000,126811000,126633000,126261000,125681593,125124989,124516650
Japan,JPN,"Unemployment, total (% of total labor force) (modeled ILO estimate)",SL.UEM.TOTL.ZS,..,..,..,..,..,..,..,..,..,..,..,..,..,..,..,..,..,..,..,..,..,..,..,..,..,..,..,..,..,..,..,2.059,2.158,2.539,2.89,3.15,3.383,3.374,4.078,4.677,4.748,5.02,5.386,5.251,4.734,4.446,4.192,3.888,4.002,5.068,5.103,4.55,4.358,4.038,3.589,3.385,3.132,2.822,2.467,2.351,2.809,2.828,2.6,2.575
Japan,JPN,"Inflation, consumer prices (annual %)",FP.CPI.TOTL.ZG,3.574511525,5.368461785,6.835440348,6.706905564,3.800389453,6.655990943,5.040832059,3.989848089,5.339432957,5.249820911,6.924173835,6.395348837,4.843517139,11.60862355,23.22224581,11.73126615,9.374036386,8.161826896,4.209566011,3.701850925,7.778581766,4.912162918,2.741040956,1.899719713,2.261613692,2.032277346,0.595586799,0.126176842,0.67855758,2.272289621,3.078516287,3.251438488,1.760283061,1.243045897,0.695458058,-0.127899045,0.136600359,1.747804587,0.661974191,-0.341296928,-0.676578684,-0.740055504,-0.923494027,-0.256541816,-0.008573388,-0.282946069,0.249355116,0.060039454,1.380078862,-1.35283673,-0.728243208,-0.272455616,-0.04406451,0.335037912,2.759226714,0.795279631,-0.127258844,0.484199796,0.989094598,0.468776159,-0.024995834,-0.233352779,2.497702782,3.268133659
Japan,JPN,Consumer price index (2010 = 100),FP.CPI.TOTL,18.9725686,19.9911037,21.35758367,22.79001663,23.65612602,25.23067563,26.50251161,27.55992156,29.0314651,30.55556503,32.67128546,34.76072814,36.44436996,40.67505968,50.12072202,56.00051732,61.25002618,66.2491473,69.03794888,71.59363083,77.16259995,80.95295257,83.17190615,84.75193925,86.66870071,88.43004908,88.95672678,89.06896957,89.67335381,91.71099212,94.53432995,97.60805554,99.32623361,100.5609043,101.2602632,101.1307523,101.2688973,103.0388797,103.7209705,103.366974,102.6676151,101.9078177,100.9667051,100.7076833,100.6990493,100.4141253,100.664513,100.7249514,102.1150352,100.7335855,100,99.72754438,99.68359993,100.0175778,102.7772895,103.5946564,103.462823,103.9637898,104.99209,105.4842679,105.4579012,105.2118123,107.8396906,111.3640359
Viet Nam,VNM,GDP (current US$),NY.GDP.MKTP.CD,..,..,..,..,..,..,..,..,..,..,..,..,..,..,..,..,..,..,..,..,..,..,..,..,..,14094687821,26336616250,36658108850,25423812649,6293304975,6471740806,9613369520,9866990236,13180953598,16286433533,20736164459,24657470575,26843700442,27209602050,28683659007,31172518403,32685198809,35064105501,39552513232,45427854693,57633255738,66371664817,77414425532,99130304099,1.06015E+11,1.47201E+11,1.72595E+11,1.95591E+11,2.13709E+11,2.33451E+11,2.39258E+11,2.57096E+11,2.81354E+11,3.10106E+11,3.34365E+11,3.46616E+11,3.66475E+11,4.10324E+11,4.29717E+11
Viet Nam,VNM,"Population, total",SP.POP.TOTL,32718461,33621982,34533889,35526727,36509166,37466077,38388210,39282564,40145287,41015865,41928849,42916624,43906019,44891281,45898698,46969616,48163573,49418150,50701458,51831389,52968270,54280394,55632153,57011444,58406863,59811313,61221107,62630787,64037514,65466361,66912613,68358820,69788747,71176405,72501087,73759110,74946448,76058603,77128424,78123713,79001142,79817777,80642308,81475825,82311227,83142095,83951800,84762269,85597241,86482923,87411012,88349117,89301326,90267739,91235504,92191398,93126529,94033048,94914330,95776716,96648685,97468029,98186856,98858950
Viet Nam,VNM,"Unemployment, total (% of total labor force) (modeled ILO estimate)",SL.UEM.TOTL.ZS,..,..,..,..,..,..,..,..,..,..,..,..,..,..,..,..,..,..,..,..,..,..,..,..,..,..,..,..,..,..,..,2.162,2.128,2.051,1.98,1.959,1.93,2.87,2.29,2.33,2.26,2.76,2.12,2.25,2.14,2.077,2.045,2.026,1.889,1.737,1.114,0.999,1.027,1.316,1.256,1.849,1.848,1.874,1.161,1.681,2.103,2.385,1.535,1.602
Viet Nam,VNM,"Inflation, consumer prices (annual %)",FP.CPI.TOTL.ZG,..,..,..,..,..,..,..,..,..,..,..,..,..,..,..,..,..,..,..,..,..,..,..,..,..,..,..,..,..,..,..,..,..,..,..,..,5.675,3.209526063,7.266198044,4.117102358,-1.710337279,-0.431544512,3.830828382,3.234648173,7.754947487,8.284572431,7.418017151,8.344448898,23.11544835,6.7169827,9.207466488,18.67773228,9.094703396,6.592674759,4.084554466,0.631200905,2.66824817,3.520256888,3.539628059,2.795823675,3.220934367,1.834715548,3.1565075,3.252892827
Viet Nam,VNM,Consumer price index (2010 = 100),FP.CPI.TOTL,..,..,..,..,..,..,..,..,..,..,..,..,..,..,..,..,..,..,..,..,..,..,..,..,..,..,..,..,..,..,..,..,..,..,..,40.16572038,42.44512501,43.80741236,46.9905457,48.92519457,48.08840873,47.88088584,49.7151204,51.32322964,55.30331914,59.88496268,64.32723948,69.6949931,85.80530323,91.56883061,100,118.6777323,129.47112,138.0067299,143.6436899,144.5503702,148.4073328,153.6316522,159.0696412,163.5169479,168.7837215,171.8804227,177.3058411,183.0734101
Malaysia,MYS,GDP (current US$),NY.GDP.MKTP.CD,1916229477,1901856123,2001489602,2510110348,2674423922,2956337669,3143517944,3188924677,3330371551,3664552041,3864145667,4244395956,5043347250,7662902678,9496204302,9298800799,11050234599,13139488633,16358079862,21213264962,24488224677,25004285792,26804493635,30347442111,33942897422,31199633353,27734111400,32181210158,35272109220,38847965293,44024585240,49143148094,59167550163,66894966969,74478356958,88705342903,1.00855E+11,1.00005E+11,72167498981,79148421053,93789736842,92783947368,1.00846E+11,1.10202E+11,1.24749E+11,1.43534E+11,1.62692E+11,1.9355E+11,2.30812E+11,2.02257E+11,2.55018E+11,2.97952E+11,3.14443E+11,3.23276E+11,3.38066E+11,3.01355E+11,3.01256E+11,3.19109E+11,3.58789E+11,3.65178E+11,3.37456E+11,3.73832E+11,4.07027E+11,3.99649E+11
Malaysia,MYS,"Population, total",SP.POP.TOTL,7833782,8074805,8324218,8579350,8835925,9091016,9340240,9582086,9821308,10061684,10306508,10552557,10801619,11062664,11335187,11617947,11910081,12218924,12543892,12875011,13215707,13564594,13921029,14292862,14686454,15108135,15558740,16033103,16524616,17020143,17517054,18017464,18526708,19050077,19588703,20136888,20689051,21249178,21810542,22368655,22945150,23542517,24142445,24739411,25333247,25923536,26509413,27092604,27664296,28217204,28717731,29184133,29660212,30134807,30606459,31068833,31526418,31975806,32399271,32804020,33199993,33573874,33938221,34308525
Malaysia,MYS,"Unemployment, total (% of total labor force) (modeled ILO estimate)",SL.UEM.TOTL.ZS,..,..,..,..,..,..,..,..,..,..,..,..,..,..,..,..,..,..,..,..,..,..,..,..,..,..,..,..,..,..,..,3.694,3.71,4.11,3.64,3.15,2.52,2.45,3.2,3.43,3,3.53,3.48,3.61,3.54,3.53,3.32,3.23,3.32,3.66,3.39,3.05,3.1,3.16,2.88,3.1,3.44,3.41,3.3,3.26,4.54,4.64,3.93,3.855
Malaysia,MYS,"Inflation, consumer prices (annual %)",FP.CPI.TOTL.ZG,0.063182598,-0.180407722,0.108440268,3.105253656,-0.402731571,-0.105485232,0.967969025,4.57556214,-0.158346529,-0.409015025,1.843935966,1.613035964,3.231554224,10.56017574,17.32898098,4.487722269,2.633711507,4.788224014,4.860064586,3.654467998,6.674919535,9.7,5.81890003,3.704235463,3.897272601,0.346458791,0.737002855,0.290007909,2.556519453,2.813200897,2.617801047,4.358333333,4.7672283,3.536585366,3.724970554,3.450575096,3.488559459,2.662514597,5.270342003,2.744561302,1.534740237,1.416784732,1.807872463,1.089676326,1.421271159,2.975070927,3.609235642,2.027353178,5.440782211,0.583308406,1.622852356,3.174470922,1.663571025,2.105012312,3.142990509,2.104389802,2.090566595,3.871201158,0.884709161,0.662891866,-1.138702154,2.477102415,3.378698625,2.488865601
Malaysia,MYS,Consumer price index (2010 = 100),FP.CPI.TOTL,21.30924128,21.27079776,21.29386387,21.95509236,21.86667227,21.84360616,22.0550455,23.06418781,23.02766647,22.93347986,23.35635854,23.733105,24.50005316,27.08730183,31.78125522,33.20750968,34.08209969,35.71402697,37.44975175,38.81834094,41.40943396,45.42614906,48.06945126,49.85005692,51.79284953,51.97229041,52.35532767,52.50716226,53.84951808,55.36441321,56.81374339,59.28987571,62.11635944,64.31315752,66.7088037,69.01064107,71.41811832,73.31963614,77.18383172,79.3021893,80.51927191,81.66005666,83.13636633,84.04228364,85.23675238,87.77260621,90.9405264,92.78421205,97.83239896,98.40306356,100,103.1744709,104.8908515,107.0988169,110.4649225,112.7895351,115.1474754,119.6050658,120.6632228,121.4630895,120.0799867,123.0544909,127.2121313,130.3782703
Philippines,PHL,GDP (current US$),NY.GDP.MKTP.CD,7515894111,8171194425,4954593072,5505023238,5953756195,6517349772,7189017888,7724873935,8632749269,9571800653,7559115517,8375075630,9067815521,11412449735,15607882555,16875240684,19381055197,22283109803,25762224563,31218296292,36848080899,40499388869,42206011275,37759179895,35730185634,34961486348,33987207295,37791488666,43152128959,48513773721,50508286642,51784144943,60422328242,62036529147,73159336915,84644328727,94648084429,94106317565,74492416330,85640171045,83669788255,78921234458,84307345888,87039092974,95001999685,1.0742E+11,1.27653E+11,1.5598E+11,1.81625E+11,1.75975E+11,2.08369E+11,2.34217E+11,2.61921E+11,2.83903E+11,2.97484E+11,3.06446E+11,3.18627E+11,3.28481E+11,3.46842E+11,3.76823E+11,3.61751E+11,3.94087E+11,4.04353E+11,4.37146E+11
Philippines,PHL,"Population, total",SP.POP.TOTL,28486871,29342411,30185979,31043711,31916622,32805538,33704749,34616857,35544973,36477170,37435586,38421746,39412479,40406234,41388324,42394433,43474370,44646518,45890739,47154232,48419546,49679330,50938522,52219685,53514959,54812660,56109838,57415175,58755923,60127343,61558898,63039751,64543525,66083321,67650283,69250468,70944969,72718837,74491918,76249064,77958223,79626086,81285572,82942837,84607501,86261250,87901835,89561377,91252326,92946951,94636700,96337913,98032317,99700107,101325201,103031365,104875266,106738501,108568836,110380804,112190977,113880328,115559009,117337368
Philippines,PHL,"Unemployment, total (% of total labor force) (modeled ILO estimate)",SL.UEM.TOTL.ZS,..,..,..,..,..,..,..,..,..,..,..,..,..,..,..,..,..,..,..,..,..,..,..,..,..,..,..,..,..,..,..,3.77,3.882,3.897,3.796,3.71,3.637,3.618,3.712,3.758,3.77,3.698,3.615,3.527,3.554,3.795,4.052,3.434,3.72,3.858,3.605,3.592,3.504,3.497,3.6,3.068,2.695,2.552,2.338,2.237,2.522,3.398,2.598,2.233
Philippines,PHL,"Inflation, consumer prices (annual %)",FP.CPI.TOTL.ZG,4.15482178,1.595633005,5.796652201,5.62554937,8.183079057,2.564102564,5.4,6.253953194,2.358806459,1.955510323,14.38146168,21.40334354,8.204034135,16.58003226,34.16359164,6.761402705,9.199227136,9.898751597,7.334525939,17.53333333,18.20051049,13.08259852,10.22172714,10.02935656,50.33897564,23.10310718,1.148137777,4.069767442,13.86006917,12.24299065,12.17735221,19.26145853,8.651003579,6.716311041,10.38647343,6.83199611,7.476103778,5.590259397,9.234934323,5.939049018,3.977125032,5.345501956,2.722772277,2.289156627,4.829210836,6.516853933,5.485232068,2.9,8.260447036,4.219030521,3.789836348,4.718417047,3.026963911,2.582687661,3.597823439,0.674192537,1.253698801,2.853187726,5.309346616,2.392065344,2.393162393,3.927180221,5.821158112,5.978025155
Philippines,PHL,Consumer price index (2010 = 100),FP.CPI.TOTL,1.128957074,1.146971086,1.213457011,1.281720634,1.386604847,1.422158817,1.498955393,1.592699362,1.630268058,1.662148118,1.901189312,2.308107392,2.49746531,2.911545865,3.906234504,4.170350749,4.553990787,5.004779023,5.371855839,6.313721229,7.462850724,8.439185522,9.301816039,10.23472834,15.38678574,18.94161134,19.15908714,19.93881743,22.70235131,25.48179806,28.58480636,34.09065698,37.03984094,39.52755187,43.63307054,46.61408022,50.09899723,52.89966113,57.7849101,61.21678423,63.65145228,67.05394191,68.87966805,70.45643154,73.85892116,78.67219917,82.98755187,85.39419087,92.44813278,96.34854772,100,104.718417,107.8882057,110.6746211,114.6564986,115.4295041,116.8766424,120.2113525,126.5937898,129.621996,132.7240609,137.9363739,145.9658684,154.6917447
Lao PDR,LAO,GDP (current US$),NY.GDP.MKTP.CD,..,..,..,..,..,..,..,..,..,..,..,..,..,..,..,..,..,..,..,..,..,..,..,..,1757142856,2366666616,1776842097,1087273104,598961269.3,714046821.1,865559879.4,1028087972,1127806945,1327748690,1543606345,1763536305,1873671550,1747011857,1280177839,1454430642,1731198022,1768619058,1758176653,2023324407,2366398120,2735558735,3455030061,4223152739,5446433157,5836137330,7131771015,8750104617,10192846339,11983252627,13279245886,14426380126,15912501723,17071155481,18141641090,18740561513,18981805250,18827148531,15468785204,15843155731
Lao PDR,LAO,"Population, total",SP.POP.TOTL,2122532,2171141,2221615,2273219,2325513,2379456,2434861,2491927,2551070,2612111,2675283,2740732,2808290,2877561,2946882,3012720,3072017,3125742,3177945,3233700,3297519,3370993,3453691,3543861,3639956,3741604,3848390,3959697,4074961,4193532,4314443,4437225,4561106,4685296,4807950,4927432,5043914,5150538,5246922,5340056,5430853,5519707,5606101,5689065,5768167,5852970,5946593,6041348,6135861,6229930,6323418,6416327,6508803,6600742,6691454,6787419,6891363,6997917,7105006,7212053,7319399,7425057,7529475,7633779
Lao PDR,LAO,"Unemployment, total (% of total labor force) (modeled ILO estimate)",SL.UEM.TOTL.ZS,..,..,..,..,..,..,..,..,..,..,..,..,..,..,..,..,..,..,..,..,..,..,..,..,..,..,..,..,..,..,..,2.485,2.702,2.727,2.631,2.6,2.453,2.36,2.303,2.165,2.057,1.891,1.785,1.646,1.503,1.35,1.198,1.066,0.941,0.833,0.708,1.055,1.398,1.755,2.117,2.491,2.88,3.269,2.896,2.528,2.314,1.997,1.209,1.181
Lao PDR,LAO,"Inflation, consumer prices (annual %)",FP.CPI.TOTL.ZG,..,..,..,..,..,..,..,..,..,..,..,..,..,..,..,..,..,..,..,..,..,..,..,..,..,..,..,..,..,61.33259651,35.64298297,13.44155844,9.86452967,6.267222415,6.784480786,19.59391899,13.0244157,27.50886245,90.98073456,125.2721284,25.08464143,7.811807948,10.63134463,15.48935292,10.46226673,7.165417599,6.545594391,4.661972695,7.628808876,0.141187675,5.982545216,7.568988561,4.255126778,6.371427178,4.129243069,1.277354271,1.596912276,0.825478608,2.040392669,3.322558813,5.10407263,3.755620367,22.95622251,31.23013417
Lao PDR,LAO,Consumer price index (2010 = 100),FP.CPI.TOTL,..,..,..,..,..,..,..,..,..,..,..,..,..,..,..,..,..,..,..,..,..,..,..,..,..,..,..,..,1.677125383,2.705749927,3.670159912,4.163486602,4.574194973,4.860869946,5.190654733,6.207707416,7.016225036,8.94630873,17.08572613,38.4893789,48.14430159,51.90524196,57.42346712,66.3179906,73.25635567,78.50547947,83.64412973,87.54359622,94.22212986,94.3551599,100,107.5689886,112.1461854,119.2914979,124.2173338,125.8040293,127.8130092,128.8680783,131.4974931,135.8665747,142.8013033,148.1643781,182.1773225,239.0715447
Cambodia,KHM,GDP (current US$),NY.GDP.MKTP.CD,..,..,..,..,..,..,..,..,..,..,..,..,..,..,..,749129748.2,790357254.5,716261764.5,766642356.1,723738502.7,744384129.7,815153652.4,865516039.8,939291262.1,1021176059,1102669184,1167630318,1036974910,1662877859,1353137648,1402541177,2054974089,2491486594,2533727592,2791435272,3441205693,3506695720,3443413389,3120425503,3517242477,3654031716,3984000517,4284028483,4658246918,5337833248,6293046162,7274595707,8639235913,10351914177,10401851768,11242275288,12829541141,14054443213,15227991395,16702610842,18049954289,20016747858,22177200588,24571753583,27089390033,25872797892,26961061152,29504829319,31772759999
Cambodia,KHM,"Population, total",SP.POP.TOTL,5541676,5664654,5788854,5913680,6040847,6170727,6299230,6426445,6553109,6679708,6708525,6696324,6766289,6852360,6913408,6727922,6307122,6040197,5961193,6051808,6198959,6364472,6619699,6881962,7133899,7376090,7661317,7975597,8269780,8570928,8910808,9259362,9718215,10243550,10636353,10919528,11182612,11431569,11669077,11899006,12118841,12338192,12561779,12787710,13016371,13246583,13477779,13714791,13943888,14155740,14363532,14573885,14786640,14999683,15210817,15417523,15624584,15830689,16025238,16207746,16396860,16589023,16767842,16944826
Cambodia,KHM,"Unemployment, total (% of total labor force) (modeled ILO estimate)",SL.UEM.TOTL.ZS,..,..,..,..,..,..,..,..,..,..,..,..,..,..,..,..,..,..,..,..,..,..,..,..,..,..,..,..,..,..,..,0.761,0.746,0.734,0.99,0.974,0.963,0.638,0.712,0.727,0.746,0.775,0.853,0.909,1.005,1.067,1.154,1.257,0.825,0.579,0.771,0.577,0.496,0.438,0.692,0.393,0.716,0.141,0.13,0.12,0.172,0.396,0.247,0.239
Cambodia,KHM,"Inflation, consumer prices (annual %)",FP.CPI.TOTL.ZG,..,..,..,..,..,..,..,..,..,..,..,..,..,..,..,..,..,..,..,..,..,..,..,..,..,..,..,..,..,..,..,..,..,..,..,-0.798944338,7.150861409,7.960213978,14.80650354,4.008207021,-0.791992529,-0.6006483,0.211466568,0.941746118,4.319336774,6.61525912,5.810685505,8.708827706,24.09685193,-1.241717542,3.996395281,5.478447496,2.934316093,2.941625095,3.855688614,1.223931955,3.019139751,2.912635574,2.459085154,1.942575008,2.940295143,2.920734776,5.343702649,2.127467966
Cambodia,KHM,Consumer price index (2010 = 100),FP.CPI.TOTL,..,..,..,..,..,..,..,..,..,..,..,..,..,..,..,..,..,..,..,..,..,..,..,..,..,..,..,..,..,..,..,..,..,..,44.86840062,44.50992708,47.69277028,51.48921684,59.11296956,61.48233975,60.99540422,60.62903636,60.7572465,61.32942551,63.97844994,68.21079019,72.17430468,78.45984053,97.36619212,96.15717903,100,105.4784475,108.5735186,111.7673444,116.0767452,117.4974456,121.0448577,124.5704532,127.6337468,130.113128,133.938838,137.8508362,145.217175,148.3066239
"Korea, Rep.",KOR,GDP (current US$),NY.GDP.MKTP.CD,3958811881,2417628737,2814615385,3988461538,3459019943,3120861499,3929055144,4855892446,6119394892,7678698838,9005144969,9903571249,10862211761,13876472208,19543973941,21784297521,29902479339,38446487603,51972107438,66946900826,65398377598,72933533012,78358416171,87760553262,97510744119,1.01296E+11,1.16836E+11,1.47949E+11,1.99591E+11,2.46929E+11,2.83366E+11,3.30647E+11,3.55525E+11,3.92666E+11,4.6362E+11,5.66581E+11,6.10167E+11,5.69755E+11,3.83332E+11,4.97514E+11,5.76179E+11,5.47656E+11,6.27247E+11,7.02715E+11,7.93176E+11,9.34901E+11,1.05322E+12,1.17261E+12,1.04734E+12,9.43942E+11,1.14367E+12,1.25329E+12,1.27805E+12,1.37063E+12,1.48449E+12,1.46604E+12,1.49968E+12,1.62307E+12,1.72537E+12,1.65142E+12,1.64431E+12,1.81843E+12,1.67392E+12,1.71279E+12
"Korea, Rep.",KOR,"Population, total",SP.POP.TOTL,25012374,25765673,26513030,27261747,27984155,28704674,29435571,30130983,30838302,31544266,32240827,32882704,33505406,34103149,34692266,35280725,35848523,36411795,36969185,37534236,38123775,38723248,39326352,39910403,40405956,40805744,41213674,41621690,42031247,42449038,42869283,43295704,43747962,44194628,44641540,45092991,45524681,45953580,46286503,46616677,47008111,47370164,47644736,47892330,48082519,48184561,48438292,48683638,49054708,49307835,49554112,49936638,50199853,50428893,50746659,51014947,51217803,51361911,51585058,51764822,51836239,51769539,51672569,51712619
"Korea, Rep.",KOR,"Unemployment, total (% of total labor force) (modeled ILO estimate)",SL.UEM.TOTL.ZS,..,..,..,..,..,..,..,..,..,..,..,..,..,..,..,..,..,..,..,..,..,..,..,..,..,..,..,..,..,..,..,2.407,2.513,2.878,2.476,2.063,2.048,2.608,6.963,6.342,4.063,3.699,3.046,3.348,3.42,3.482,3.254,3.013,2.959,3.363,3.324,2.992,2.812,2.747,3.082,3.546,3.65,3.653,3.824,3.746,3.931,3.639,2.857,2.642
"Korea, Rep.",KOR,"Inflation, consumer prices (annual %)",FP.CPI.TOTL.ZG,7.965565755,8.195652883,6.618310975,20.69164732,29.46283145,13.54819471,11.26138488,10.88244006,10.7718214,12.38956471,15.95034236,13.51170233,11.68898668,3.221029047,24.30419954,25.24925641,15.32732052,10.09666533,14.46028502,18.32349634,28.69760864,21.35164025,7.19084664,3.420614195,2.2739564,2.459108792,2.749980961,3.049660771,7.146097737,5.700165446,8.573272257,9.332790482,6.213281464,4.800996602,6.2658595,4.480741086,4.924543543,4.438931846,7.513580081,0.812957254,2.259165801,4.066575879,2.762262103,3.514874515,3.590662989,2.753791627,2.242340285,2.534573821,4.673896555,2.756496545,2.939286527,4.025965004,2.187071044,1.301347545,1.274774464,0.706331772,0.97168574,1.944332308,1.47583935,0.383000304,0.537288023,2.498333333,5.089513651,3.592814371
"Korea, Rep.",KOR,Consumer price index (2010 = 100),FP.CPI.TOTL,1.47695384,1.597999849,1.703760449,2.056296552,2.662139739,3.022811615,3.363222065,3.72922269,4.130927898,4.642731883,5.383263513,6.110634055,6.824905256,7.044737436,8.75690448,10.96795775,12.64905178,13.92618421,15.93995014,18.86070632,24.273278,29.456021,31.5741583,32.65418844,33.39673045,34.21799238,35.15898066,36.2312103,38.820328,41.03315092,44.55103466,48.70888939,51.73530978,54.21912025,57.61641414,60.19805648,63.16253599,65.96627791,70.92270703,71.49927832,73.11456556,76.08782485,78.18957,80.93783527,83.84404017,86.15293033,88.08477219,90.31734577,94.53868508,97.14464067,100,104.025965,106.3010868,107.6844333,109.057167,109.8274724,110.8946503,113.0508108,114.7192592,115.1586343,115.7773678,118.6698724,124.7095918,129.1901759
"Hong Kong SAR, China",HKG,GDP (current US$),NY.GDP.MKTP.CD,1320796652,1383681651,1612346412,1935298266,2206466461,2435078534,2489845017,2692474989,2716964388,3189740055,3800766536,4476001946,5710090213,8030117556,9388695367,10048089558,12876366009,15719433719,18315136409,22526184533,28861857811,31055226089,32291215844,29907227184,33511383986,35699772166,41075396885,50622896163,59707404561,68790219178,76928784621,88959997900,1.04273E+11,1.20354E+11,1.35812E+11,1.44652E+11,1.59718E+11,1.77353E+11,1.68885E+11,1.65768E+11,1.71669E+11,1.69404E+11,1.66349E+11,1.61386E+11,1.691E+11,1.81569E+11,1.93535E+11,2.11597E+11,2.19279E+11,2.14048E+11,2.28639E+11,2.48514E+11,2.62629E+11,2.75697E+11,2.9146E+11,3.09386E+11,3.2086E+11,3.41273E+11,3.61731E+11,3.63075E+11,3.44943E+11,3.68954E+11,3.58696E+11,3.82055E+11
"Hong Kong SAR, China",HKG,"Population, total",SP.POP.TOTL,3114671,3168100,3305200,3420900,3504600,3597900,3629900,3722800,3802700,3863900,3959000,4045300,4123600,4241600,4377800,4461600,4518000,4583700,4667500,4929700,5063100,5183400,5264500,5345100,5397900,5456200,5524600,5580500,5627600,5686200,5704500,5752000,5800500,5901000,6035400,6156100,6435500,6489300,6543700,6606500,6665000,6714300,6744100,6730800,6783500,6813200,6857100,6916300,6957800,6972800,7024200,7071600,7150100,7178900,7229500,7291300,7336600,7393200,7452600,7507900,7481000,7413100,7346100,7536100
"Hong Kong SAR, China",HKG,"Unemployment, total (% of total labor force) (modeled ILO estimate)",SL.UEM.TOTL.ZS,..,..,..,..,..,..,..,..,..,..,..,..,..,..,..,..,..,..,..,..,..,..,..,..,..,..,..,..,..,..,..,1.8,1.96,1.96,1.9,3.22,2.83,2.22,4.58,6.25,4.92,5.09,7.28,7.86,6.74,5.58,4.77,4.01,3.56,5.26,4.329,3.422,3.285,3.4,3.296,3.314,3.392,3.124,2.805,2.917,5.808,5.174,4.318,3.931
"Hong Kong SAR, China",HKG,"Inflation, consumer prices (annual %)",FP.CPI.TOTL.ZG,..,..,..,..,..,..,..,..,..,..,..,..,..,..,..,..,..,..,..,..,..,..,10.97046414,9.885931559,8.650519031,3.503184713,3.384615385,5.654761905,7.887323944,10.18276762,10.42654028,11.15879828,9.652509653,8.802816901,8.737864078,9.077380952,6.275579809,5.776636714,2.912621359,-4.009433962,-3.685503686,-1.658163265,-2.983138781,-2.673796791,-0.274725275,0.826446281,2.000251604,2.035027134,4.303154841,0.579441418,2.292890886,5.30524893,4.053909509,4.337993421,4.42364532,2.990848193,2.409307439,1.493872439,2.40613432,2.883208538,0.250962021,1.568758344,1.881367072,2.096605112
"Hong Kong SAR, China",HKG,Consumer price index (2010 = 100),FP.CPI.TOTL,..,..,..,..,..,..,..,..,..,..,..,..,..,..,..,..,..,..,..,..,..,28.98909258,32.16933059,35.34956859,38.40748975,39.75297506,41.09846037,43.42248045,46.84735215,51.61770915,56.99965039,63.3601264,69.47596872,75.59181103,82.19692074,89.65824836,95.28482329,100.7890814,103.7246857,99.56591292,95.89640753,94.30628852,91.49300106,89.04666413,88.80203044,89.53593152,91.32687542,93.18540212,97.19531426,97.75850417,100,105.3052489,109.5742284,114.3275513,119.3849966,122.9556206,125.9179995,127.7990538,130.8740707,134.6474431,134.9853571,137.1029511,139.6823609,142.6109484
Singapore,SGP,GDP (current US$),NY.GDP.MKTP.CD,704751700.3,764629788.1,826239211.8,917608012.5,894153311.4,974644096.1,1096425608,1238035816,1425706091,1659893768,1920574150,2263785444,2721440981,3696213333,5221534956,5633673930,6327077974,6618585074,7517176355,9296921724,11896256783,14175228844,16084252378,17784112150,19749361098,19156532746,18586746057,20919215578,25371462488,30465364739,36144336769,45466164978,52131320033,60603815716,73688724431,87812540788,96293086513,1.00124E+11,85728207782,86286849755,96076539926,89793790670,92538372870,97646401096,1.15034E+11,1.27808E+11,1.48627E+11,1.80942E+11,1.93617E+11,1.9415E+11,2.39808E+11,2.79356E+11,2.95093E+11,3.07576E+11,3.14864E+11,3.07999E+11,3.19054E+11,3.43257E+11,3.76893E+11,3.76902E+11,3.49488E+11,4.34112E+11,4.98475E+11,5.01428E+11
Singapore,SGP,"Population, total",SP.POP.TOTL,1646400,1702400,1750200,1795000,1841600,1886900,1934400,1977600,2012000,2042500,2074507,2112900,2152400,2193000,2229800,2262600,2293300,2325300,2353600,2383500,2413945,2532835,2646466,2681061,2732221,2735957,2733373,2774789,2846108,2930901,3047132,3135083,3230698,3313471,3419048,3524506,3670704,3796038,3927213,3958723,4027887,4138012,4175950,4114826,4166664,4265762,4401365,4588599,4839396,4987573,5076732,5183688,5312437,5399162,5469724,5535002,5607283,5612253,5638676,5703569,5685807,5453566,5637022,5917648
Singapore,SGP,"Unemployment, total (% of total labor force) (modeled ILO estimate)",SL.UEM.TOTL.ZS,..,..,..,..,..,..,..,..,..,..,..,..,..,..,..,..,..,..,..,..,..,..,..,..,..,..,..,..,..,..,..,2.18,3.09,3.07,3.03,3.3,3.57,2.5,3.41,4.85,3.7,3.76,5.65,5.93,5.84,5.59,4.48,3.9,3.96,5.86,4.12,3.89,3.72,3.86,3.74,3.79,4.08,4.2,3.613,3.1,4.1,4.64,3.591,3.472
Singapore,SGP,"Inflation, consumer prices (annual %)",FP.CPI.TOTL.ZG,..,0.4,0.41958042,2.205199629,1.726095844,0.178611297,2.005794517,3.342800961,0.655391121,-0.27305188,0.463352991,1.761006289,2.080758138,19.63673058,22.36842105,2.536531569,-1.841892982,3.163950144,4.872543813,4.076465375,8.526943194,8.182021968,3.91628678,1.196410768,2.600985222,0.480122911,-1.385703364,0.523306522,1.523185192,2.345456272,3.460753387,3.425701731,2.263071187,2.289299644,3.100132626,1.720533848,1.383180525,2.003586185,-0.267502293,0.016709834,1.361623924,0.997197956,-0.391676867,0.5079053,1.662727199,0.425106277,0.962901778,2.104880036,6.627781774,0.596720257,2.823661349,5.247793398,4.575602704,2.358604154,1.02514803,-0.522618167,-0.53226874,0.57626031,0.438620118,0.565260569,-0.181916667,2.30485959,6.12106004,4.821467295
Singapore,SGP,Consumer price index (2010 = 100),FP.CPI.TOTL,27.51917493,27.62925163,27.74517856,28.35701514,28.8464844,28.89800748,29.47764213,30.46302103,30.66267297,30.57894796,30.72063643,31.26162877,31.91210766,38.17860226,46.71855276,47.9035836,47.02125086,48.50897979,50.87260109,52.94640505,57.46111494,62.16259598,64.59706151,65.36990771,67.07016935,67.3921886,66.45833278,66.80611357,67.8236944,69.41446949,71.81673309,74.27696016,75.95790065,77.6968046,80.10550858,81.48375097,82.61081835,84.26599729,84.04058382,84.05462686,85.19913477,86.0487388,85.71170579,86.14704009,87.57943036,87.95173601,88.79862484,90.66772937,96.67698861,97.25387979,100,105.2477934,110.0635143,112.6594769,113.8144033,113.2195886,112.6169561,113.2659229,113.76273,114.4057859,114.1976627,116.8297585,123.9809781,129.9586804